200000000,-0.095544785,-0.01544835
201000000,-0.095642999,-0.015010837
202000000,-0.095605075,-0.01458468
203000000,-0.09559875,-0.014211848
204000000,-0.095548712,-0.013835969
205000000,-0.09560293,-0.013461846
206000000,-0.09548191,-0.013125396
207000000,-0.095473863,-0.012646074
208000000,-0.095415533,-0.012289751
209000000,-0.095411226,-0.011830064
210000000,-0.095436551,-0.011401574
211000000,-0.095187709,-0.011178467
212000000,-0.095136419,-0.010829655
213000000,-0.095062934,-0.010418601
214000000,-0.095064141,-0.009982686
215000000,-0.094920501,-0.009597052
216000000,-0.094784372,-0.009188671
217000000,-0.094736233,-0.008882334
218000000,-0.094525002,-0.008456659
219000000,-0.094262093,-0.008082839
220000000,-0.094214007,-0.007687014
221000000,-0.094096713,-0.007364388
222000000,-0.09396296,-0.006885163
223000000,-0.093776315,-0.00661211
224000000,-0.09361311,-0.006217043
225000000,-0.093337066,-0.005855862
226000000,-0.093303114,-0.005408891
227000000,-0.093023479,-0.005070825
228000000,-0.092766322,-0.004661637
229000000,-0.092513427,-0.004448886
230000000,-0.092384897,-0.003992811
231000000,-0.092162244,-0.003665
232000000,-0.091857098,-0.003381119
233000000,-0.091499925,-0.003060231
234000000,-0.091381863,-0.002472193
235000000,-0.090989105,-0.002190753
236000000,-0.090817042,-0.001973177
237000000,-0.090446748,-0.001527683
238000000,-0.09003973,-0.001168918
239000000,-0.09003064,-0.000809647
240000000,-0.089674823,-0.000574008
241000000,-0.089186169,-0.000409273
242000000,-0.088893346,1.99E-05
243000000,-0.088546179,0.000415307
244000000,-0.088246271,0.000555162
245000000,-0.087742902,0.000912858
246000000,-0.087509014,0.001146128
247000000,-0.086983316,0.001435673
248000000,-0.086781681,0.001748548
249000000,-0.086372778,0.002089513
250000000,-0.085891433,0.002247194
251000000,-0.085481554,0.002535834
252000000,-0.085175596,0.002872105
253000000,-0.08477924,0.003034716
254000000,-0.084432952,0.00329379
255000000,-0.083877303,0.003512261
256000000,-0.083486266,0.003760162
257000000,-0.083015218,0.003941027
258000000,-0.082724445,0.004240282
259000000,-0.082271405,0.004444199
260000000,-0.081733339,0.004518053
261000000,-0.081230104,0.004703251
262000000,-0.080847315,0.004915388
263000000,-0.080376394,0.005131169
264000000,-0.079920411,0.005244139
265000000,-0.079496294,0.005401762
266000000,-0.078894176,0.005514317
267000000,-0.078450054,0.00565037
268000000,-0.077990308,0.005863579
269000000,-0.077349752,0.005850475
270000000,-0.07693278,0.005982902
271000000,-0.076367587,0.006227253
272000000,-0.07592357,0.006348308
273000000,-0.075492769,0.006343465
274000000,-0.07482253,0.006490367
275000000,-0.074319914,0.006509668
276000000,-0.073772408,0.006599426
277000000,-0.073392905,0.006621586
278000000,-0.072891913,0.006641854
279000000,-0.072370201,0.006686327
280000000,-0.071877152,0.006768494
281000000,-0.071276389,0.006717213
282000000,-0.070647694,0.00656841
283000000,-0.070194468,0.006644338
284000000,-0.069587745,0.006673082
285000000,-0.069095373,0.006606301
286000000,-0.068531595,0.006521042
287000000,-0.067984439,0.00650996
288000000,-0.067278653,0.006376069
289000000,-0.066798568,0.006560338
290000000,-0.066204466,0.006260782
291000000,-0.065617159,0.00614989
292000000,-0.065310091,0.006027894
293000000,-0.064653464,0.006008491
294000000,-0.063994348,0.005856995
295000000,-0.06352967,0.005685173
296000000,-0.062997758,0.005524743
297000000,-0.06245571,0.005369102
298000000,-0.06184724,0.005256442
299000000,-0.061303858,0.005030871
300000000,-0.06086655,0.004943027
301000000,-0.060342491,0.004697019
302000000,-0.059723236,0.004468394
303000000,-0.059262864,0.004241772
304000000,-0.058620691,0.004024517
305000000,-0.058180749,0.003669757
306000000,-0.057525668,0.003516763
307000000,-0.057184622,0.003246233
308000000,-0.056551773,0.003072608
309000000,-0.056054782,0.002654561
310000000,-0.055605453,0.002524441
311000000,-0.055051506,0.002158565
312000000,-0.054551702,0.001861528
313000000,-0.054155268,0.001493633
314000000,-0.053667653,0.001186649
315000000,-0.053078659,0.000773141
316000000,-0.052667711,0.00049459
317000000,-0.052095123,0.000175614
318000000,-0.051563151,-0.000241306
319000000,-0.051180296,-0.000532806
320000000,-0.050618976,-0.000893588
321000000,-0.050145641,-0.001401529
322000000,-0.049771365,-0.001707146
323000000,-0.049235523,-0.002077153
324000000,-0.048803996,-0.002420105
325000000,-0.04852286,-0.002897679
326000000,-0.048032671,-0.0033709
327000000,-0.047467865,-0.003776132
328000000,-0.047223113,-0.004228517
329000000,-0.04672857,-0.004701438
330000000,-0.046229936,-0.005171577
331000000,-0.045956727,-0.005667983
332000000,-0.045508251,-0.006152765
333000000,-0.045106664,-0.006630496
334000000,-0.044752389,-0.007116392
335000000,-0.044418573,-0.00750655
336000000,-0.044069558,-0.00808279
337000000,-0.0437284,-0.008617865
338000000,-0.043283295,-0.009126085
339000000,-0.043030903,-0.009583213
340000000,-0.042675719,-0.010230624
341000000,-0.042430151,-0.010733895
342000000,-0.042039141,-0.011275757
343000000,-0.041839663,-0.011810279
344000000,-0.041557431,-0.012341921
345000000,-0.041147649,-0.012936189
346000000,-0.040977832,-0.013543597
347000000,-0.04063658,-0.014059513
348000000,-0.040301047,-0.014655051
349000000,-0.04015692,-0.015217943
350000000,-0.039970074,-0.015689483
351000000,-0.039791327,-0.016320247
352000000,-0.039547924,-0.016939452
353000000,-0.039270174,-0.017467504
354000000,-0.039214648,-0.018222068
355000000,-0.038900908,-0.018826783
356000000,-0.03880072,-0.019349018
357000000,-0.038497154,-0.019871285
358000000,-0.038302634,-0.020421149
359000000,-0.038186878,-0.021162394
360000000,-0.038364645,-0.021765523
361000000,-0.038073044,-0.022456292
362000000,-0.038034264,-0.023053629
363000000,-0.037747134,-0.023607431
364000000,-0.037841771,-0.024327412
365000000,-0.037638418,-0.02497182
366000000,-0.03772606,-0.025454514
367000000,-0.037635464,-0.026087966
368000000,-0.037518751,-0.026727827
369000000,-0.037605565,-0.027367681
370000000,-0.037540343,-0.028129254
371000000,-0.0375963,-0.028685285
372000000,-0.037382573,-0.0292698
373000000,-0.037504103,-0.029818092
374000000,-0.03748982,-0.030490909
375000000,-0.037600067,-0.031102963
376000000,-0.03755733,-0.031714011
377000000,-0.037635848,-0.032304585
378000000,-0.037625831,-0.032889944
379000000,-0.037817385,-0.033639062
380000000,-0.037914857,-0.034178
381000000,-0.03792455,-0.034851559
382000000,-0.038181346,-0.035494145
383000000,-0.038103219,-0.036056396
384000000,-0.038161796,-0.036703274
385000000,-0.038519178,-0.037230082
386000000,-0.038587354,-0.037866872
387000000,-0.038670179,-0.038540475
388000000,-0.03897807,-0.039004117
389000000,-0.039123833,-0.039719239
390000000,-0.039281901,-0.040238693
391000000,-0.039582051,-0.040857345
392000000,-0.039780464,-0.041400909
393000000,-0.039899014,-0.041841142
394000000,-0.040146802,-0.042375978
395000000,-0.040383194,-0.042952992
396000000,-0.040681608,-0.043629672
397000000,-0.040882401,-0.044050127
398000000,-0.041202869,-0.044646684
399000000,-0.041463364,-0.04528863
400000000,-0.041861303,-0.045792252
