200000000,-0.087377161,-0.021789214
201000000,-0.087559611,-0.021552851
202000000,-0.087574013,-0.021288326
203000000,-0.087764941,-0.021189995
204000000,-0.087785192,-0.020944498
205000000,-0.088064201,-0.020630905
206000000,-0.088012189,-0.020341432
207000000,-0.088182122,-0.020142088
208000000,-0.088246576,-0.019965546
209000000,-0.088263057,-0.019686142
210000000,-0.088429824,-0.01945086
211000000,-0.088366091,-0.019211145
212000000,-0.088577606,-0.018952036
213000000,-0.088543117,-0.018706549
214000000,-0.088687718,-0.018569466
215000000,-0.088889062,-0.018062377
216000000,-0.088689759,-0.017940577
217000000,-0.08881104,-0.017737251
218000000,-0.088788271,-0.01727188
219000000,-0.088812947,-0.017158806
220000000,-0.088903196,-0.016907511
221000000,-0.08892557,-0.016664982
222000000,-0.089097776,-0.01627682
223000000,-0.088932298,-0.016024673
224000000,-0.088891685,-0.015813509
225000000,-0.089040533,-0.015490263
226000000,-0.08887852,-0.015186609
227000000,-0.088877745,-0.014972071
228000000,-0.088860817,-0.014619393
229000000,-0.08899755,-0.014425824
230000000,-0.088796236,-0.014100642
231000000,-0.088833764,-0.013788112
232000000,-0.088649236,-0.013595772
233000000,-0.08866322,-0.013137313
234000000,-0.088529266,-0.013094489
235000000,-0.088513024,-0.012764499
236000000,-0.088555485,-0.012370471
237000000,-0.088260323,-0.012085011
238000000,-0.088292785,-0.011741004
239000000,-0.088265598,-0.011548324
240000000,-0.088134199,-0.011214982
241000000,-0.087906711,-0.010995907
242000000,-0.087853901,-0.010775656
243000000,-0.087631747,-0.010545376
244000000,-0.087538332,-0.010152938
245000000,-0.08745598,-0.009906875
246000000,-0.087222628,-0.009644588
247000000,-0.087074399,-0.00939593
248000000,-0.08704064,-0.009155674
249000000,-0.086912468,-0.008872411
250000000,-0.086575396,-0.008655241
251000000,-0.086406633,-0.008309272
252000000,-0.086281329,-0.008121655
253000000,-0.086001255,-0.007869361
254000000,-0.085856438,-0.007471847
255000000,-0.085584186,-0.007240402
256000000,-0.085567825,-0.007025259
257000000,-0.085172348,-0.006788479
258000000,-0.084968612,-0.006540823
259000000,-0.084739052,-0.006256032
260000000,-0.084556706,-0.006054438
261000000,-0.084468246,-0.005873321
262000000,-0.083972916,-0.005526387
263000000,-0.083780892,-0.005431149
264000000,-0.083469458,-0.005149762
265000000,-0.083266318,-0.004911656
266000000,-0.082977198,-0.004804943
267000000,-0.082722537,-0.004592076
268000000,-0.082317881,-0.004512236
269000000,-0.082106307,-0.004104711
270000000,-0.081748605,-0.003892055
271000000,-0.081474513,-0.00373405
272000000,-0.08126881,-0.003431751
273000000,-0.080974914,-0.003395981
274000000,-0.080606319,-0.003178825
275000000,-0.080242552,-0.003043171
276000000,-0.080053754,-0.00281009
277000000,-0.079549998,-0.002733706
278000000,-0.079360314,-0.002522212
279000000,-0.078975216,-0.002311253
280000000,-0.078590788,-0.002235766
281000000,-0.078177348,-0.002128686
282000000,-0.077848367,-0.001999964
283000000,-0.077649072,-0.001882025
284000000,-0.077142954,-0.001784851
285000000,-0.076772682,-0.001544216
286000000,-0.076306693,-0.001441811
287000000,-0.076098375,-0.001330446
288000000,-0.075579405,-0.001328506
289000000,-0.075322166,-0.001235908
290000000,-0.074830242,-0.001140567
291000000,-0.07446339,-0.000994296
292000000,-0.074054778,-0.001015265
293000000,-0.073706686,-0.000930457
294000000,-0.073148794,-0.000833526
295000000,-0.072914258,-0.000851905
296000000,-0.072469153,-0.000716452
297000000,-0.072064161,-0.000714149
298000000,-0.071600251,-0.00075245
299000000,-0.071325898,-0.000666143
300000000,-0.070829749,-0.000581786
301000000,-0.070455551,-0.000741163
302000000,-0.069925986,-0.000689957
303000000,-0.069550082,-0.000630812
304000000,-0.069134988,-0.00073815
305000000,-0.068743058,-0.000618242
306000000,-0.068363301,-0.000841131
307000000,-0.067889638,-0.000706675
308000000,-0.067383319,-0.000845056
309000000,-0.066900082,-0.000918032
310000000,-0.066525251,-0.001037728
311000000,-0.06605982,-0.00095285
312000000,-0.065661505,-0.001147197
313000000,-0.065219611,-0.001165737
314000000,-0.064790331,-0.001208753
315000000,-0.064422041,-0.001388675
316000000,-0.063961402,-0.001567719
317000000,-0.063539349,-0.00169826
318000000,-0.063072577,-0.001860155
319000000,-0.062676385,-0.001900081
320000000,-0.062212992,-0.002011161
321000000,-0.061892629,-0.002272141
322000000,-0.061388772,-0.002412546
323000000,-0.060941055,-0.002632337
324000000,-0.060429934,-0.002818611
325000000,-0.060010996,-0.002870047
326000000,-0.059588201,-0.003093814
327000000,-0.059217311,-0.003272073
328000000,-0.058772046,-0.003658867
329000000,-0.058381684,-0.003710173
330000000,-0.058049958,-0.004011194
331000000,-0.057498567,-0.004203566
332000000,-0.057098594,-0.00453227
333000000,-0.056706168,-0.004632696
334000000,-0.056351125,-0.005051438
335000000,-0.055978566,-0.005257167
336000000,-0.055588469,-0.005570522
337000000,-0.055165548,-0.0057647
338000000,-0.054826517,-0.006063516
339000000,-0.054316636,-0.006474272
340000000,-0.054022606,-0.00668986
341000000,-0.053570572,-0.006981097
342000000,-0.053318746,-0.00728522
343000000,-0.052705899,-0.007599703
344000000,-0.052557394,-0.007969346
345000000,-0.05222819,-0.008260665
346000000,-0.051784392,-0.008680142
347000000,-0.051476471,-0.009037219
348000000,-0.051063269,-0.009412756
349000000,-0.050703,-0.009837356
350000000,-0.050404429,-0.010067856
351000000,-0.0500236,-0.01045627
352000000,-0.049720518,-0.010838353
353000000,-0.04941548,-0.011220885
354000000,-0.049019732,-0.011676759
355000000,-0.048871234,-0.012087627
356000000,-0.048492517,-0.012370264
357000000,-0.048159834,-0.012803233
358000000,-0.047886249,-0.013152462
359000000,-0.047467832,-0.013619398
360000000,-0.047291987,-0.01409214
361000000,-0.047078237,-0.014491275
362000000,-0.046844024,-0.014991072
363000000,-0.046582535,-0.015343254
364000000,-0.046420425,-0.015826069
365000000,-0.045940634,-0.016287647
366000000,-0.045800623,-0.01670099
367000000,-0.045549259,-0.017228521
368000000,-0.045340754,-0.017733561
369000000,-0.045233831,-0.018069416
370000000,-0.04490887,-0.018726878
371000000,-0.044745073,-0.019123873
372000000,-0.044516496,-0.019485157
373000000,-0.044462394,-0.020008281
374000000,-0.044190723,-0.02055773
375000000,-0.044101954,-0.020944614
376000000,-0.043794565,-0.02150288
377000000,-0.043777466,-0.021995146
378000000,-0.043600656,-0.022479234
379000000,-0.043507196,-0.023000002
380000000,-0.043401092,-0.023535423
381000000,-0.043225836,-0.024058109
382000000,-0.043132789,-0.024562279
383000000,-0.043089516,-0.025080996
384000000,-0.043004673,-0.025590083
385000000,-0.042853814,-0.026050761
386000000,-0.042765833,-0.026554475
387000000,-0.042791001,-0.027252903
388000000,-0.04268638,-0.02747889
389000000,-0.042608056,-0.028135488
390000000,-0.042595617,-0.028591944
391000000,-0.04271007,-0.029192319
392000000,-0.042645685,-0.029650023
393000000,-0.042678289,-0.030268045
394000000,-0.042691436,-0.030661013
395000000,-0.042688929,-0.031218216
396000000,-0.042623103,-0.031662643
397000000,-0.042604551,-0.032252807
398000000,-0.042670391,-0.032670248
399000000,-0.042796925,-0.033388481
400000000,-0.042779446,-0.033774491
